<?xml version="1.0" encoding="UTF-8"?>
<script>
  <metadata>
    <priority>0</priority>
    <owner>root</owner>
    <runcontext>caller</runcontext>
  </metadata>
  <parameter name="Trigger" type="interval" trigger="false" relative="false" value="" offset="00:00:00" interval="00:00:01"/>
  <code><![CDATA[//Internal Variables
var Root_Path=server.script.origin; //Script name

//External Variables
var NodeI = Ua.findNode(Root_Path.replace(".Node_Simulator_Complementary_Server_Script", ''));


//Internal
var Nmax=80;
var Nmin=20;

//Excecute Logic
NodeI.result.assign({value: Nmin + (Math.random()*(Nmax-Nmin))});]]></code>
</script>
